Fecha,Demanda,Temperatura,Viento
2020-01-01,24206.0580399,21.150000000000002,12.637526525458334
2020-01-02,28478.3172936,21.254166666666666,17.041707359416666
2020-01-03,29702.4361026,21.808333333333334,18.042019011291668
2020-01-04,28617.3925598,21.3125,16.593480129125002
2020-01-05,28215.973333500002,23.75,16.600200692208332
2020-01-06,29010.6415985,23.366666666666664,15.676777792791666
2020-01-07,29943.7651169,22.958333333333332,18.070550597291668
2020-01-08,32219.0880541,24.8875,19.732358535375003
2020-01-09,32334.981233,23.4875,17.797506085416668
2020-01-10,32395.102554,23.320833333333336,18.83423846870833
2020-01-11,30480.7829696,23.233333333333334,18.103341271041668
2020-01-12,28617.6680715,22.34166666666667,15.623261038875
2020-01-13,31597.457214000002,20.837500000000002,18.147878250833333
2020-01-14,33396.788506,24.5125,19.512886903083334
2020-01-15,33037.579258,22.516666666666666,16.311126648958332
2020-01-16,28216.5771698,19.204166666666666,17.132688689708335
2020-01-17,28345.4524827,19.175,15.442724141375
2020-01-18,27388.6237135,21.170833333333334,14.136256293958333
2020-01-19,28856.5603778,24.72083333333333,17.13596676475
2020-01-20,35555.12991,26.425,20.934864202125
2020-01-21,34428.284295,24.045833333333334,19.994998984833334
2020-01-22,34177.452477,24.066666666666666,20.005256917625
2020-01-23,33699.690156,23.091666666666665,20.032109813416668
2020-01-24,34340.561104,24.508333333333336,21.150000512416664
2020-01-25,32784.143818,23.954166666666666,18.934957865
2020-01-26,29737.1183146,22.895833333333332,16.04567836254167
2020-01-27,31252.735414,19.875,16.027201186125
2020-01-28,30641.8903002,20.270833333333332,17.680303292708334
2020-01-29,32406.96598,21.791666666666668,19.027690408875
2020-01-30,29325.8898014,20.175,17.446643750416666
2020-01-31,29286.7002352,18.837500000000002,16.672391946
2020-02-01,28799.8862739,22.3125,15.037438389541668
2020-02-02,29250.0080678,25.4875,16.585476433625
2020-02-03,35563.151372,25.820833333333336,21.292844334541666
2020-02-04,37213.335371,27.145833333333332,21.337999165875
2020-02-05,38279.77041,26.979166666666668,23.62324641520833
2020-02-06,39744.140828999996,27.920833333333334,23.583603625333335
2020-02-07,39122.264196,26.195833333333336,23.525909244791666
2020-02-08,31158.722781,22.21666666666667,14.8084991245
2020-02-09,25395.8479227,19.491666666666667,12.291799831458334
2020-02-10,28814.7447057,19.958333333333332,15.880776306916667
2020-02-11,29731.6047544,20.8,17.657338667833333
2020-02-12,30900.889356,21.766666666666666,18.216015371291665
2020-02-13,33308.583578,24.325,20.725914810916667
2020-02-14,34127.491133,23.59166666666667,18.36282978066667
2020-02-15,30941.805269,22.641666666666666,16.600393129
2020-02-16,32026.305904,26.379166666666666,19.320125244874998
2020-02-17,36234.045062,26.691666666666666,20.722300685041667
2020-02-18,31919.369643,22.3,16.662346961083333
2020-02-19,31581.923048,22.34166666666667,16.923435276625
2020-02-20,29503.984917,19.716666666666665,15.487143801041666
2020-02-21,28081.0013548,17.662499999999998,15.068018668541667
2020-02-22,25682.3198855,17.433333333333334,15.924952716166667
2020-02-23,24604.1855947,18.054166666666667,13.518664890083334
2020-02-24,27970.4689086,22.675,16.130884589666667
2020-02-25,28353.3528239,20.083333333333332,16.721188280666667
2020-02-26,28677.0354979,17.575,15.317324351583332
2020-02-27,29342.6890955,20.541666666666668,16.271384816458333
2020-02-28,30392.5409417,21.620833333333334,17.465303482083332
2020-02-29,29300.8111332,22.645833333333332,15.969827966958334
2020-03-01,28730.0677501,24.366666666666664,16.761646389541667
2020-03-02,33613.172039,24.270833333333332,21.928313386583337
2020-03-03,33448.478712,22.920833333333334,19.721488805708333
2020-03-04,33157.020792,22.224999999999998,19.750635026458333
2020-03-05,32354.997785,21.3125,18.375791208458335
2020-03-06,31854.119844,22.025000000000002,17.646235855166665
2020-03-07,29606.197549,22.46666666666667,16.092272941083333
2020-03-08,29208.4875744,25.745833333333334,17.13228393954167
2020-03-09,32827.284187,22.070833333333336,16.262952601125
2020-03-10,31410.388054,20.825,18.559312424625002
2020-03-11,30788.728129,20.866666666666667,16.104026506708333
2020-03-12,31932.911112,22.53333333333333,17.885500348666667
2020-03-13,33048.763737,22.97083333333333,18.399141281541667
2020-03-14,29543.956403,21.633333333333336,15.603619342416666
2020-03-15,25109.9989036,19.920833333333334,13.35420959575
2020-03-16,27547.207442,18.849999999999998,15.542289367124999
2020-03-17,28368.011256,19.641666666666666,16.000629804125
2020-03-18,28035.8932575,19.433333333333334,15.349761112291667
2020-03-19,27556.0944863,18.916666666666668,15.807453872791667
2020-03-20,27174.2291101,19.95,17.187862943583333
2020-03-21,25769.1864131,21.179166666666667,15.681722043583335
2020-03-22,24696.6495683,22.545833333333334,14.632021329541667
2020-03-23,27786.679364800002,22.758333333333336,18.994155477041666
2020-03-24,29763.6485637,24.575,17.394901069291667
2020-03-25,29750.8771428,22.670833333333334,17.334417587125
2020-03-26,29720.9213577,22.566666666666666,16.719719050333335
2020-03-27,29147.1080898,22.570833333333336,16.90236184495833
2020-03-28,27339.1550034,22.795833333333334,14.804362633666665
2020-03-29,25523.768161,22.97083333333333,14.27082351875
2020-03-30,28654.736473,22.40416666666667,17.2148838105
2020-03-31,27563.9174989,20.716666666666665,15.529680856833332
2020-04-01,27098.9846558,20.258333333333333,15.991117957791666
2020-04-02,26177.8249262,18.683333333333334,15.920659771458332
2020-04-03,25769.6599839,18.520833333333332,16.162375361541667
2020-04-04,25206.1523509,17.65,15.565689679708333
2020-04-05,22675.5213874,19.325,16.152009789708334
2020-04-06,23270.118145599998,17.037499999999998,15.569329811000001
2020-04-07,23400.7189772,15.4125,17.255111675833334
2020-04-08,24085.543136199998,15.875,18.040166041708332
2020-04-09,24837.1580044,17.5,15.951509343791665
2020-04-10,23897.7716552,17.625,15.16074714475
2020-04-11,23973.0564477,16.654166666666665,15.106263441708334
2020-04-12,23025.4890455,17.795833333333334,15.429342779999999
2020-04-13,25431.2079107,18.433333333333334,16.595061100375002
2020-04-14,27383.7701269,15.558333333333332,16.135947770125
2020-04-15,27717.1767341,16.183333333333334,17.830591869875
2020-04-16,27137.4885266,16.75,17.568228324458335
2020-04-17,27072.4416661,15.754166666666668,17.176814450916666
2020-04-18,25126.7771762,17.766666666666666,15.738217050958333
2020-04-19,23809.3453366,19.591666666666665,15.026673534083335
2020-04-20,26427.4486052,19.891666666666666,16.474349279375
2020-04-21,26832.2025407,17.45,17.103499437541668
2020-04-22,27273.7318605,17.854166666666668,16.932288408625
2020-04-23,27323.5296873,18.545833333333334,16.947070869375
2020-04-24,27495.6031065,20.070833333333333,16.333720992583334
2020-04-25,25951.442573,18.916666666666668,15.130802942083333
2020-04-26,24333.8969382,18.412499999999998,15.54090132975
2020-04-27,27272.512341,18.4875,14.804953770875
2020-04-28,27848.7145589,18.720833333333335,16.48545446320833
2020-04-29,27422.9182169,16.620833333333334,16.333073751041667
2020-04-30,27337.0198156,15.25,17.505165728083334
2020-05-01,23888.7769573,14.070833333333333,19.358584445416668
2020-05-02,25177.5822625,16.325,15.261788378333334
2020-05-03,24708.0210196,14.570833333333333,16.871436033916666
2020-05-04,27216.8902186,15.549999999999999,15.98360708175
2020-05-05,28214.2609863,13.075000000000001,17.9861836465
2020-05-06,29646.3401013,13.220833333333333,18.950104234791667
2020-05-07,29962.1788105,12.6875,19.4234187215
2020-05-08,30166.2784731,11.575000000000001,20.172761641458333
2020-05-09,27822.3946068,13.466666666666667,16.518240309499998
2020-05-10,25395.642694899998,17.191666666666666,16.961928622458334
2020-05-11,27483.764806,15.979166666666666,16.09932664933333
2020-05-12,29887.3394137,11.75,17.626367309333336
2020-05-13,29689.7137891,11.808333333333332,19.081749540708334
2020-05-14,30086.2152768,11.745833333333332,20.14118102725
2020-05-15,30525.953682,12.158333333333333,20.365266325041667
2020-05-16,26629.0411666,18.579166666666666,15.386402785166666
2020-05-17,24024.611248100002,17.533333333333335,14.532239210625
2020-05-18,26299.0332593,16.858333333333334,15.2222123445
2020-05-19,27353.806759,18.470833333333335,17.197149028708335
2020-05-20,27327.6527464,20.037499999999998,18.50689679583333
2020-05-21,28140.9067149,16.866666666666667,15.364941148708333
2020-05-22,30248.2390564,15.504166666666668,17.224386798666668
2020-05-23,28758.1839199,14.945833333333333,16.404217996666667
2020-05-24,27108.4357268,12.204166666666666,16.992044793541666
2020-05-25,31675.6712142,13.691666666666668,18.27363892854167
2020-05-26,32301.2295487,11.679166666666667,20.757223765750002
2020-05-27,32120.817893,11.387500000000001,21.553798269500003
2020-05-28,30324.2388346,14.258333333333333,19.16750264704167
2020-05-29,29654.635506,14.387500000000001,18.32923623775
2020-05-30,27857.233425,14.625,16.452873960625002
2020-05-31,29366.1378797,10.441666666666666,17.607237762
2020-06-01,32861.574405,11.283333333333333,20.642611619125002
2020-06-02,32870.3947298,10.3375,21.492844604416664
2020-06-03,33597.674542400004,9.083333333333334,22.000943791166666
2020-06-04,33347.660383,8.591666666666667,21.715307251791668
2020-06-05,33313.6677226,13.266666666666666,20.344819609374998
2020-06-06,30337.4190558,14.8375,17.86218883475
2020-06-07,27884.8920196,14.358333333333334,17.883498781708333
2020-06-08,31554.3605938,13.525,19.490822259208333
2020-06-09,32177.2646341,12.225,22.260433807708335
2020-06-10,32399.093164500002,11.487499999999999,21.04489746575
2020-06-11,33542.0836784,10.991666666666667,21.024561832
2020-06-12,31407.5038397,14.5625,19.353236677208333
2020-06-13,31930.9358527,9.941666666666666,18.329119964583334
2020-06-14,30989.634067,6.8999999999999995,21.25161524583333
2020-06-15,35669.783319,9.133333333333333,23.4679876255
2020-06-16,31720.6420409,17.712500000000002,21.324946273
2020-06-17,29385.3775482,20.904166666666665,18.92747469825
2020-06-18,29735.2407283,14.85,20.737870621416665
2020-06-19,31357.4720723,10.933333333333332,18.343718824958334
2020-06-20,29700.8818453,11.658333333333333,19.073524025125
2020-06-21,29081.4766978,12.604166666666666,17.655766252666666
2020-06-22,32460.7696406,11.945833333333333,22.4390337665
2020-06-23,32350.5530258,15.0,19.159007468375
2020-06-24,33532.6887428,13.095833333333333,18.723206280416665
2020-06-25,34690.881507,11.1625,21.371438799
2020-06-26,35297.925022,7.820833333333333,23.168839191791665
2020-06-27,33986.566666,7.583333333333333,21.925889510125
2020-06-28,31937.5924174,8.275,20.282381007041668
2020-06-29,36261.24826,10.424999999999999,23.06459454825
2020-06-30,37040.657871999996,11.545833333333334,22.627526757499997
2020-07-01,37770.206411,9.695833333333333,23.849326635
2020-07-02,38111.814003,8.629166666666666,25.485057605833333
2020-07-03,37432.085325,8.733333333333333,24.77458301354167
2020-07-04,34075.122099,10.375,21.689682968375
2020-07-05,31247.627309299998,9.904166666666667,19.109267475208334
2020-07-06,36466.365819,7.279166666666666,25.189529890874997
2020-07-07,38070.619915,8.958333333333334,25.739259022708335
2020-07-08,38189.861899,9.4625,25.594901449125
2020-07-09,37486.470802,7.416666666666667,25.994811296333335
2020-07-10,37897.800174,8.970833333333333,24.667799007291666
2020-07-11,33984.003361,8.7125,21.453976766374996
2020-07-12,32784.333575,8.033333333333333,22.086780846958334
2020-07-13,37862.46621,8.129166666666666,26.259663529291668
2020-07-14,39355.971783,6.504166666666666,27.98911888325
2020-07-15,38933.723359,5.995833333333334,27.29480351416667
2020-07-16,38939.522066,7.991666666666667,28.490915927708333
2020-07-17,36940.406599,11.424999999999999,26.871893059958335
2020-07-18,29628.5564358,16.433333333333334,19.054743305041665
2020-07-19,26780.2050683,17.058333333333334,17.487720639041665
2020-07-20,28988.6855415,18.866666666666667,19.87422159175
2020-07-21,30297.624337,13.591666666666667,20.074768256125
2020-07-22,31898.7815668,13.445833333333333,20.432819065874998
2020-07-23,32952.6979282,13.395833333333334,19.737295840333335
2020-07-24,35611.4132161,8.558333333333334,22.361074822791664
2020-07-25,34247.573819,6.308333333333334,20.82501496295833
2020-07-26,31492.351179,8.924999999999999,19.702191067958335
2020-07-27,34819.842545,9.966666666666667,24.086118310583334
2020-07-28,37019.581288,7.1375,24.976613339083332
2020-07-29,37139.2904,6.208333333333333,28.368660279708333
2020-07-30,37007.94889,7.891666666666667,27.200035989833335
2020-07-31,36968.744881,8.904166666666667,24.625739721083335
2020-08-01,32226.323407,10.083333333333334,20.687449346333334
2020-08-02,28203.8710093,16.054166666666667,18.419336550249998
2020-08-03,30348.8550048,15.354166666666666,19.950290324375
2020-08-04,28969.2701159,19.925,18.173654487791666
2020-08-05,28545.1081178,20.379166666666666,18.636957321291664
2020-08-06,29404.0761363,13.954166666666666,18.480433139291666
2020-08-07,34002.6917383,10.045833333333333,20.032748861875
2020-08-08,29923.0794162,15.229166666666666,17.282851497291666
2020-08-09,27499.4208684,14.370833333333332,17.275689315791666
2020-08-10,30191.7328802,15.1625,20.07339172791667
2020-08-11,33267.3178542,8.616666666666667,21.92144964004167
2020-08-12,35173.385192,7.325,25.722625791875
2020-08-13,34925.994867,9.1,26.490569604958335
2020-08-14,33445.06584,10.491666666666667,24.118946285958334
2020-08-15,30428.0262371,11.283333333333333,19.383795365583335
2020-08-16,29357.1903393,9.3125,20.497282373875
2020-08-17,32722.9646204,10.775,26.733709057291666
2020-08-18,32169.078772,12.345833333333333,23.384143240958334
2020-08-19,35372.302949,8.516666666666667,24.74833858958333
2020-08-20,36795.07192,7.045833333333333,26.18826513254167
2020-08-21,35874.190828,7.8999999999999995,26.056543610625
2020-08-22,31892.017939,10.129166666666666,22.207191542125003
2020-08-23,28717.511551,13.1875,18.769170279583335
2020-08-24,29474.2092119,16.704166666666666,20.693748598333332
2020-08-25,26986.0295197,15.795833333333334,18.610146226583336
2020-08-26,30859.0397473,16.3625,19.577126187166666
2020-08-27,31065.131376,13.554166666666667,20.811827816708334
2020-08-28,30984.1997161,13.808333333333332,20.958917992416666
2020-08-29,29561.8919717,12.691666666666668,17.991293258708335
2020-08-30,29139.5169412,7.695833333333333,19.48544679775
2020-08-31,34746.4786876,7.445833333333333,24.064661587666667
2020-09-01,37990.686891,8.079166666666667,24.207269476083336
2020-09-02,38661.553173,10.5375,23.83633551475
2020-09-03,36899.751704,9.491666666666667,23.916549985291667
2020-09-04,34157.599467,10.575000000000001,24.993370572791665
2020-09-05,31113.552663,10.0,23.841384736916666
2020-09-06,29348.9827087,9.933333333333334,22.138254287708335
2020-09-07,32696.552274,11.262500000000001,23.538123170791664
2020-09-08,30355.8226507,13.354166666666666,24.312914451583335
2020-09-09,30147.086495,14.854166666666666,21.93059132791667
2020-09-10,29375.7433519,13.658333333333333,20.50505636295833
2020-09-11,29382.7150307,13.945833333333333,22.046352644166664
2020-09-12,28313.6635177,11.691666666666668,20.92502246625
2020-09-13,26593.1724031,12.045833333333334,18.87442841375
2020-09-14,31791.2574226,10.995833333333332,21.201020491791667
2020-09-15,32722.0478213,9.283333333333333,26.003997697625
2020-09-16,30765.7810943,11.7875,21.553080964041666
2020-09-17,28342.8471203,13.9625,18.579632506875
2020-09-18,28551.4409713,15.012500000000001,18.542960235583333
2020-09-19,28415.3554506,10.516666666666667,18.920082689166666
2020-09-20,27117.9678539,9.954166666666667,19.404907922083336
2020-09-21,31493.1410568,9.262500000000001,21.077299076
2020-09-22,31846.816668,9.799999999999999,20.944847202791667
2020-09-23,30344.7869258,13.220833333333333,20.574007836083332
2020-09-24,29725.0198472,12.958333333333334,18.7010891555
2020-09-25,30211.8013795,13.791666666666666,17.925472263041666
2020-09-26,29351.4227971,14.620833333333332,18.89511175675
2020-09-27,27238.2644549,14.625,16.020226848791665
2020-09-28,30287.9291765,12.725,21.976691800166666
2020-09-29,28949.7709594,15.612499999999999,19.0900875065
2020-09-30,28065.0532758,17.575,18.363659246375
2020-10-01,27816.013646299998,16.008333333333333,17.566750554791668
2020-10-02,29829.4068096,10.583333333333334,19.251552725083332
2020-10-03,30055.6889692,8.808333333333334,19.672206617791666
2020-10-04,28062.4063188,12.516666666666666,18.064871349416666
2020-10-05,30788.6257465,12.424999999999999,19.268799168041667
2020-10-06,30523.6355955,12.35,20.825575844833335
2020-10-07,29398.1201656,15.220833333333333,19.810989846000002
2020-10-08,28555.2984051,14.0625,19.490918741083334
2020-10-09,28590.7674507,14.229166666666666,18.517545855375
2020-10-10,27008.1723377,12.016666666666666,17.047258353791666
2020-10-11,25007.102136999998,14.7125,17.003258400875
2020-10-12,28211.6899661,13.75,18.091417252166668
2020-10-13,28755.708452,14.029166666666667,18.674477236166666
2020-10-14,28329.44621,16.845833333333335,18.276563672375
2020-10-15,27913.7059514,14.733333333333334,17.9346097745
2020-10-16,28151.1897744,18.916666666666668,17.978717314625
2020-10-17,26774.4106857,19.900000000000002,16.258592089291668
2020-10-18,25553.7894676,23.879166666666666,15.168240878916668
2020-10-19,29715.6343925,21.691666666666666,19.695209493083333
2020-10-20,29770.0499901,11.8375,18.904743894875
2020-10-21,29903.6428685,14.325000000000001,18.47694711025
2020-10-22,30981.0477446,14.174999999999999,19.793319888708336
2020-10-23,28981.6899859,17.245833333333334,19.544428276208333
2020-10-24,26514.8470978,17.283333333333335,16.069728950208333
2020-10-25,24603.014048600002,19.991666666666667,15.703933372916666
2020-10-26,27131.9197878,16.416666666666668,19.520612914916665
2020-10-27,27445.3821634,15.075000000000001,21.315683564041667
2020-10-28,27792.9313716,15.950000000000001,20.02108156941667
2020-10-29,27800.2512098,14.220833333333333,22.638069577041666
2020-10-30,27613.6577479,12.520833333333334,21.172972626541668
2020-10-31,26218.2280313,14.191666666666668,17.841061366166667
2020-11-01,23642.9681842,15.541666666666666,15.852962771833333
2020-11-02,24995.923596200002,16.091666666666665,16.93549281
2020-11-03,27055.9834601,16.770833333333332,17.997728396875
2020-11-04,27373.8960791,15.883333333333333,18.965916868791666
2020-11-05,27900.9881588,16.545833333333334,20.284585209000003
2020-11-06,28145.412146,17.4875,18.602927411208334
2020-11-07,26620.9121822,17.787499999999998,18.7383305255
2020-11-08,24510.2284836,17.531666666666666,16.259394245833334
2020-11-09,27366.7362217,17.0,18.232308842791667
2020-11-10,28071.2282963,17.445833333333333,18.702464696208335
2020-11-11,28032.2334864,17.599999999999998,17.91105932216667
2020-11-12,28260.2490261,17.566666666666666,17.825203743041666
2020-11-13,28700.966236,18.291666666666668,21.195345688541668
2020-11-14,27092.8651189,18.2375,18.725527188250002
2020-11-15,24751.740639,18.849999999999998,17.059664318375
2020-11-16,27307.9092144,16.4875,18.967221326875002
2020-11-17,28281.6521818,16.070833333333333,20.198511819958334
2020-11-18,29144.9094285,19.1875,19.189551791333333
2020-11-19,28653.9947121,18.045833333333334,19.780620929208336
2020-11-20,28930.3251121,18.650000000000002,20.191034256583333
2020-11-21,27965.1482514,18.587500000000002,18.261803882541667
2020-11-22,25601.9332267,19.170833333333334,16.475059823791668
2020-11-23,30398.9875919,22.954166666666666,19.698867443125
2020-11-24,33068.893871,23.2625,23.526397065125
2020-11-25,30463.965032,20.645833333333332,19.853276261375
2020-11-26,29093.0399275,19.0,20.096915440291667
2020-11-27,29764.4873136,19.974999999999998,20.561646493666668
2020-11-28,28474.8860957,22.766666666666666,19.148878338166668
2020-11-29,25924.8250972,22.104166666666668,17.265896128208333
2020-11-30,28036.7323175,18.037499999999998,17.825344809125
2020-12-01,29042.2597138,19.466666666666665,19.124890269958332
2020-12-02,31512.451580599998,21.84583333333333,21.162545181208333
2020-12-03,28486.88965,19.712500000000002,19.796388926916666
2020-12-04,28075.553672,16.854166666666668,17.059966330541666
2020-12-05,25802.794042,15.774999999999999,14.210596589791669
2020-12-06,23977.5764249,15.8375,15.496712408
2020-12-07,27644.9529598,18.55,17.296380939666665
2020-12-08,29460.266906,19.483333333333334,19.420417290708333
2020-12-09,31481.219655599998,22.666666666666668,19.569773808625
2020-12-10,34188.219989,25.804166666666664,22.29047184108333
2020-12-11,33136.441295,22.670833333333334,21.266866958875
2020-12-12,29440.6133093,21.791666666666668,16.519399881708335
2020-12-13,25881.4126454,19.929166666666667,15.951453779458333
2020-12-14,28060.3508949,20.166666666666668,16.995542799416665
2020-12-15,29002.0109436,17.841666666666665,20.45819676825
2020-12-16,29147.3755576,19.695833333333333,18.212326263583332
2020-12-17,31979.0774587,22.712500000000002,20.016441207833335
2020-12-18,34165.67966,25.775000000000002,21.771804526833332
2020-12-19,30397.269009,22.879166666666666,16.584452008083336
2020-12-20,25274.4822312,17.600833333333334,16.234442381083333
2020-12-21,27926.9751174,16.916666666666668,17.973666771291665
2020-12-22,29624.308643,19.3125,18.728160567458335
2020-12-23,31365.8215078,22.099999999999998,20.804648339166665
2020-12-24,30970.843502,23.162499999999998,18.547197963375
2020-12-25,26965.5986559,23.579166666666666,12.9613203365
2020-12-26,29201.3926328,22.683333333333334,17.24957074379167
2020-12-27,27984.8268382,22.53333333333333,15.764996118916669
2020-12-28,32859.581631,23.020833333333332,20.021574126083333
2020-12-29,33439.766573,22.912499999999998,20.608825120291666
2020-12-30,31718.558954,23.633333333333336,17.298436153249998
2020-12-31,27435.4279226,23.587500000000002,18.43259816191667
2021-01-01,23795.8068069,21.629166666666666,13.01018477575
2021-01-02,27205.521427699998,21.65833333333333,16.3964011675
2021-01-03,27039.0776012,21.829166666666666,16.712715226708333
2021-01-04,31343.1767661,22.71666666666667,19.796174563416667
2021-01-05,32219.960365,23.633333333333336,20.585679756333334
2021-01-06,30550.3390744,23.587500000000002,18.781206342166666
2021-01-07,30452.6813041,23.183333333333334,19.218782016000002
2021-01-08,31898.397828,22.070833333333336,19.994007256666666
2021-01-09,28211.0450859,19.720833333333335,14.905924384791668
2021-01-10,28249.7487646,23.162499999999998,17.419459693791666
2021-01-11,31334.5601,22.8875,18.457766306666667
2021-01-12,28096.0708238,19.729166666666668,16.639839848624998
2021-01-13,28532.0876678,18.720833333333335,16.519276987916665
2021-01-14,29504.0392138,20.683333333333334,16.405956323
2021-01-15,31220.921547,22.733333333333334,19.378911990666666
2021-01-16,28410.6758213,22.72083333333333,17.625856259833334
2021-01-17,25518.956534,20.383333333333333,14.380316308208334
2021-01-18,29132.1442585,21.641666666666666,18.811008227916666
2021-01-19,31549.048204,23.787499999999998,20.437470223125
2021-01-20,33326.40718,23.150000000000002,20.098697122249998
2021-01-21,33760.52884,22.795833333333334,20.713572582125
2021-01-22,33970.289933,23.625,21.73391062779167
2021-01-23,32775.861348,25.454166666666666,18.777879856083334
2021-01-24,31483.000423,25.162499999999998,18.417187166083334
2021-01-25,35683.617781,25.075,22.196818743125004
2021-01-26,36469.511572,26.016666666666666,21.21717853525
2021-01-27,33700.146697,24.320833333333336,17.756724516583333
2021-01-28,32100.772535,22.283333333333335,17.911238788541667
2021-01-29,31961.574975,23.462500000000002,15.821454779041666
2021-01-30,28957.5823791,20.912499999999998,15.488355274083332
2021-01-31,24754.6247611,20.720833333333335,14.398443596291665
2021-02-01,28231.0795011,21.266666666666666,13.849999577333334
2021-02-02,29340.0580196,21.6375,15.521828387958335
2021-02-03,28621.0310369,21.912499999999998,15.152214802541666
2021-02-04,27954.6581149,21.545833333333334,14.659850088375
2021-02-05,27615.736593600002,20.175,15.261029094374999
2021-02-06,27430.5104413,20.858333333333334,14.564130121041666
2021-02-07,26957.0504769,22.041666666666668,15.197013566416667
2021-02-08,29891.607292,20.495833333333334,15.539269401208335
2021-02-09,29427.9919019,21.020833333333332,16.002933653499998
2021-02-10,30148.336478600002,21.78333333333333,16.215672231541667
2021-02-11,29656.920433299998,21.695833333333336,15.939441489041668
2021-02-12,29275.763153300002,21.3625,16.454741140375
2021-02-13,27673.7120274,22.058333333333334,15.574085539625
2021-02-14,26491.8926229,22.829166666666666,16.064845514875
2021-02-15,28614.2793045,22.1875,15.346177477458333
2021-02-16,28437.4067287,20.587500000000002,15.506897849958333
2021-02-17,29582.8469735,21.279166666666665,15.251540877166667
2021-02-18,30294.708006599998,21.958333333333332,19.092366279166665
2021-02-19,31137.4738939,22.366666666666664,18.058958230041668
2021-02-20,27678.2745617,20.658333333333335,15.195191013291668
2021-02-21,26434.2769805,20.912499999999998,15.124235610875
2021-02-22,30807.272147,21.724999999999998,17.101179546291668
2021-02-23,30788.96968,21.895833333333332,18.888051162041666
2021-02-24,30626.9487058,21.287499999999998,18.54545403925
2021-02-25,32041.4353552,22.962500000000002,19.463418468125003
2021-02-26,32765.05053,23.379166666666666,20.03134938925
2021-02-27,30770.403238,22.791666666666668,18.09303651729167
2021-02-28,28901.8375883,24.304166666666664,17.510061916416667
2021-03-01,32433.132922,23.2625,19.407504038833334
2021-03-02,34199.544719,24.483333333333334,21.49877851270833
2021-03-03,33703.130864,23.829166666666666,20.443233582583332
2021-03-04,32584.119823,23.3625,18.052287240166667
2021-03-05,29964.842424,21.554166666666664,19.676944722416668
2021-03-06,26913.9207462,20.716666666666665,14.100019180583333
2021-03-07,25773.6237808,21.145833333333332,14.4271707305
2021-03-08,30028.9299392,21.741666666666664,19.968842995
2021-03-09,30322.1254712,21.787499999999998,18.486072233458334
2021-03-10,30266.562346,20.933333333333334,17.75738388920833
2021-03-11,30982.368747,22.370833333333334,17.657328122291666
2021-03-12,31094.720159,22.212500000000002,18.95990212979167
2021-03-13,27964.8092261,19.058333333333334,15.054005595708333
2021-03-14,25507.3395694,19.2,13.558113163249999
2021-03-15,29745.9297718,21.650000000000002,16.457598036291667
2021-03-16,29812.113623,22.599999999999998,15.690077039416666
2021-03-17,28460.4853507,19.633333333333333,15.17876506725
2021-03-18,27299.2906255,18.133333333333333,16.260294465541666
2021-03-19,27809.1919818,17.345833333333335,16.280469813541668
2021-03-20,26609.8554547,19.9875,18.231427508708332
2021-03-21,24482.4147603,20.133333333333333,16.386391255541668
2021-03-22,27743.1934745,19.879166666666666,15.458277238333332
2021-03-23,28243.8147008,19.854166666666668,17.2179844465
2021-03-24,28616.8931942,21.670833333333334,16.7016432445
2021-03-25,29206.3348763,19.691666666666666,15.33492119975
2021-03-26,28356.3675012,21.741666666666664,16.378093134958334
2021-03-27,26509.1631561,20.804166666666667,14.432420505375
2021-03-28,24207.6000987,19.400000000000002,14.420773292208333
2021-03-29,26450.6999121,19.979166666666668,14.994352168250002
2021-03-30,26666.3708767,20.375,14.148265210083332
2021-03-31,26458.4737926,18.8,15.4747282685
2021-04-01,25614.1596605,18.429166666666667,14.53777155975
2021-04-02,24312.4017046,18.8875,15.473132617416667
2021-04-03,24335.8746943,19.479166666666668,14.660712939583334
2021-04-04,24068.9334514,20.462500000000002,14.987962441999999
2021-04-05,27913.392964,22.804166666666664,15.922457831083333
2021-04-06,28788.6866717,21.866666666666664,16.486054861291667
2021-04-07,29453.1492764,23.070833333333336,16.20677092975
2021-04-08,29885.4615525,23.8125,16.43489225770833
2021-04-09,28959.5299325,20.75,14.985081295583333
2021-04-10,27580.276447,20.541666666666668,16.541130181416666
2021-04-11,25933.135556600002,19.541666666666668,15.352267547666665
2021-04-12,27424.6938939,18.1375,16.9572336275
2021-04-13,27938.3486207,17.595833333333335,16.821393105625
2021-04-14,27722.3727972,18.508333333333333,16.987736069708333
2021-04-15,27950.2262331,19.8125,16.91875925075
2021-04-16,28187.351133,18.783333333333335,16.570964547916667
2021-04-17,26364.6444285,17.766666666666666,15.363722247375
2021-04-18,24487.1083177,19.35,14.566066176916665
2021-04-19,27595.6203584,19.433333333333334,16.46953180708333
2021-04-20,28413.247033,19.837500000000002,17.041891173416666
2021-04-21,28921.3175132,20.2625,17.168001907708334
2021-04-22,28997.085880399998,20.591666666666665,16.526559389583333
2021-04-23,28715.3043466,20.654166666666665,15.252341445583333
2021-04-24,26746.2119839,18.608333333333334,15.36712283625
2021-04-25,24625.1412599,17.683333333333334,15.632315678833335
2021-04-26,27746.446571200002,16.558333333333334,17.549264582416665
2021-04-27,28013.4833874,14.108333333333334,17.455103779625002
2021-04-28,28402.1871327,14.820833333333333,17.12675963408333
2021-04-29,28407.641033300002,16.070833333333333,17.243070590083335
2021-04-30,28194.0567028,16.179166666666667,16.062784740416667
2021-05-01,24068.7553763,18.383333333333333,15.739968973458334
2021-05-02,23777.7974131,19.645833333333332,13.288483428791666
2021-05-03,27594.3562064,20.325,16.393608228166666
2021-05-04,28267.1067452,16.004166666666666,17.270247192625
2021-05-05,29199.4516767,12.862499999999999,17.520123397625
2021-05-06,29912.3797793,13.549999999999999,18.00428378870833
2021-05-07,29713.6729963,14.7875,17.924190777166668
2021-05-08,28883.3797971,12.15,16.48751795295833
2021-05-09,26496.621743,14.9125,16.379335471666668
2021-05-10,29509.76206,15.299999999999999,18.21892745008333
2021-05-11,30777.3594198,13.129166666666668,18.363002254833333
2021-05-12,30756.7204792,11.595833333333333,19.112354840916666
2021-05-13,31619.6277475,11.8375,19.570500868458335
2021-05-14,31511.0789307,11.366666666666667,19.434654866458335
2021-05-15,29947.0691729,10.862499999999999,17.687083791000003
2021-05-16,28393.1366649,10.829166666666666,16.627733785041666
2021-05-17,31195.2485388,11.029166666666667,19.039203727375
2021-05-18,32159.4719848,12.583333333333334,21.685049449791666
2021-05-19,32946.3255114,10.458333333333334,21.847571755041667
2021-05-20,33020.382317,12.670833333333334,20.946606228125003
2021-05-21,33389.3790833,15.1875,20.910917951125
2021-05-22,32428.40806,12.804166666666667,17.932531766
2021-05-23,31408.9466546,12.683333333333332,18.84095501375
2021-05-24,33608.95833,12.783333333333333,20.902934816875
2021-05-25,34059.399817,11.645833333333334,21.528599364875003
2021-05-26,33801.766897,11.0375,22.417536509875003
2021-05-27,32283.313942,14.15,21.577925135958335
2021-05-28,31340.1229884,13.808333333333332,19.950997392291665
2021-05-29,31502.1859076,11.141666666666666,19.682250556625
2021-05-30,30521.5050824,7.5,19.062862808833334
2021-05-31,34278.599994,11.450000000000001,21.691686830541666
2021-06-01,32762.0305448,15.075000000000001,20.852522865916665
2021-06-02,32820.8518893,11.775,20.455657721541666
2021-06-03,34335.506412,10.516666666666667,24.426376555916665
2021-06-04,33052.57241,15.595833333333333,21.184036936833333
2021-06-05,31219.6977335,13.129166666666668,18.687101687541666
2021-06-06,30343.7449326,9.725,20.240985981458333
2021-06-07,34517.57284,10.958333333333334,21.75535366983333
2021-06-08,34190.255471,13.975,23.209115641625
2021-06-09,32601.877075,16.6875,20.827608761625
2021-06-10,32658.967943800002,14.683333333333332,21.416284642125003
2021-06-11,34363.958080000004,10.791666666666666,21.500390818916667
2021-06-12,31266.484379,12.954166666666666,19.17174399775
2021-06-13,28005.3922404,14.441666666666668,18.46079278741667
2021-06-14,32488.841181199998,12.529166666666667,19.276548758541665
2021-06-15,34743.351687,10.658333333333333,22.295448476416666
2021-06-16,36662.949269000004,9.958333333333334,23.040053161499998
2021-06-17,35524.687715,9.358333333333333,23.690040359666668
2021-06-18,37141.190333,6.8625,25.132367043208333
2021-06-19,34836.4477,8.904166666666667,19.973773394833334
2021-06-20,32147.493198,9.370833333333334,20.991794492291664
2021-06-21,37005.055675,8.575,27.524156627375003
2021-06-22,36603.134562,10.299999999999999,26.043437234541667
2021-06-23,35739.781386,13.520833333333334,23.389316715666666
2021-06-24,35715.924479,13.5,23.749033431166666
2021-06-25,35393.339691,11.9625,24.645675641916668
2021-06-26,34016.846265,11.129166666666668,21.235340716166665
2021-06-27,34009.634309,8.233333333333333,20.548602711625
2021-06-28,41121.63619,7.3374999999999995,26.533265380541668
2021-06-29,41046.146796,9.729166666666666,26.973584620083333
2021-06-30,38612.9415882,10.445833333333333,23.583730066041667
2021-07-01,37288.512319,10.329166666666667,26.41910189941667
2021-07-02,36824.642359,9.204166666666667,23.728933934875002
2021-07-03,34469.642065,9.145833333333334,25.839485378083335
2021-07-04,32258.611152999998,9.379166666666666,21.601774733
2021-07-05,36141.24453,9.358333333333333,24.818861607958336
2021-07-06,35557.912671,11.775,24.7383354775
2021-07-07,34385.9432,14.512500000000001,21.175563914583332
2021-07-08,32608.141781,15.6625,20.931136556458334
2021-07-09,31278.943127,16.941666666666666,18.785711185083333
2021-07-10,30348.5540907,13.016666666666666,20.55177947225
2021-07-11,30429.4603102,8.741666666666667,20.821648956625
2021-07-12,34918.8933562,13.608333333333333,21.982004174500002
2021-07-13,35405.010335,12.1875,23.611875702791668
2021-07-14,37313.347464,11.295833333333334,24.442785622125
2021-07-15,35832.810774,11.508333333333333,25.325708152083333
2021-07-16,36406.312963,8.154166666666667,24.600325405291667
2021-07-17,35193.164377,8.908333333333333,21.805761940541668
2021-07-18,35445.081148,9.020833333333334,21.993514121041667
2021-07-19,38595.733298,7.858333333333333,28.18920933425
2021-07-20,38824.62889,8.020833333333334,27.681852645958333
2021-07-21,37772.603607,9.445833333333333,28.644249121791663
2021-07-22,36200.123216,12.020833333333334,25.555990184124997
2021-07-23,33645.75179,15.491666666666667,21.979946251291665
2021-07-24,29981.1676822,15.345833333333333,17.707329834583334
2021-07-25,27880.2885234,15.958333333333334,17.09437891525
2021-07-26,33469.1152767,10.5875,22.771287559083333
2021-07-27,38469.942791,7.529166666666666,24.840522557041666
2021-07-28,40896.588072,7.204166666666667,26.857388963958332
2021-07-29,39471.157848,6.716666666666666,26.593559168791668
2021-07-30,37932.859936,8.058333333333334,27.801725467708334
2021-07-31,34685.330906999996,9.383333333333333,23.230745212916663
2021-08-01,32267.682675,8.029166666666667,20.552741151541667
2021-08-02,37664.633895,6.7375,25.825116138041665
2021-08-03,37469.396134,8.154166666666667,28.671228641291666
2021-08-04,39310.061236,6.625,27.85634721645833
2021-08-05,37017.284907,12.720833333333333,25.14540695908333
2021-08-06,33281.755087,16.016666666666666,22.737141689833333
2021-08-07,29294.3588758,18.491666666666667,18.80631079825
2021-08-08,28862.084183,12.3125,17.343605346708333
2021-08-09,37512.003655,9.683333333333334,23.157718682916666
2021-08-10,38033.995129,8.583333333333334,25.24931347691667
2021-08-11,38069.819061,7.033333333333334,28.163325366541667
2021-08-12,37920.20788,8.970833333333333,26.373971850458332
2021-08-13,37292.3714,7.8125,25.301675677583333
2021-08-14,33785.795823,11.2125,19.333098389541664
2021-08-15,31215.311326,10.75,20.863816003625
2021-08-16,34683.310025,11.375,25.691447657458337
2021-08-17,33561.666664,12.674999999999999,23.439996209833335
2021-08-18,32534.820329000002,12.883333333333333,22.11479902004167
2021-08-19,33847.0320758,11.883333333333333,21.83833399341667
2021-08-20,33125.644037,11.85,23.075676084666668
2021-08-21,32474.730336,11.679166666666667,21.359967341624998
2021-08-22,29249.2194466,12.945833333333333,21.414732125249998
2021-08-23,33413.707994,10.458333333333334,22.785928983125
2021-08-24,34698.553285,9.795833333333333,23.941797759916668
2021-08-25,30665.213018,10.5,20.615580333166665
2021-08-26,33315.641604,11.016666666666666,24.673163257291666
2021-08-27,33269.149306,10.200000000000001,22.274659648291664
2021-08-28,31788.842583,12.266666666666666,20.517568820166666
2021-08-29,28064.982041799998,12.987499999999999,18.605274787416665
2021-08-30,30364.1372646,16.229166666666668,19.881394163041666
2021-08-31,29638.5614148,20.5125,19.897844958291667
2021-09-01,29958.2255829,17.070833333333333,18.891687359416668
2021-09-02,32185.3686331,13.629166666666668,19.848973979916668
2021-09-03,31138.0129678,13.387500000000001,20.166621004916667
2021-09-04,29787.7279786,12.691666666666668,18.382486683958334
2021-09-05,27842.787105800002,13.245833333333332,17.541638272458332
2021-09-06,31148.6413254,13.758333333333333,20.639752231291666
2021-09-07,33305.4820469,13.870833333333332,20.8895903635
2021-09-08,33825.789515,14.2875,21.289561459375
2021-09-09,33417.134081,13.704166666666666,22.283433599333335
2021-09-10,33025.3583904,12.854166666666666,23.1826336435
2021-09-11,31253.626579,13.1,19.812556274541667
2021-09-12,27671.8940813,16.5625,18.605653742833333
2021-09-13,31441.7364078,14.112499999999999,19.58013557375
2021-09-14,32203.1687176,12.308333333333332,22.355745086125
2021-09-15,30911.2488684,11.079166666666666,21.727477970458335
2021-09-16,30249.3070325,15.125,20.720107538708334
2021-09-17,29357.8543836,15.970833333333333,17.25746658204167
2021-09-18,27935.6174472,14.716666666666667,16.915583302041664
2021-09-19,25545.1490327,16.691666666666666,16.975446870708335
2021-09-20,29858.224812,14.583333333333334,19.110718530208334
2021-09-21,31073.0402786,11.829166666666666,21.307119645791666
2021-09-22,31312.5807762,12.866666666666667,20.499557904333333
2021-09-23,31096.4398627,13.941666666666668,21.179358432125
2021-09-24,30497.0637822,13.875,18.440592194
2021-09-25,27903.5719565,15.783333333333333,16.926131616583334
2021-09-26,25283.812323899998,16.337500000000002,16.102057673833333
2021-09-27,28764.2048948,14.924999999999999,18.202257283333335
2021-09-28,29930.0818244,14.479166666666666,20.444917158
2021-09-29,29589.4151339,14.741666666666667,18.788212059125
2021-09-30,29813.2382695,15.975,18.104713606
2021-10-01,29202.2639204,15.745833333333332,17.740209599666667
2021-10-02,27463.379045,14.9125,17.15389719425
2021-10-03,25681.6884853,13.095833333333333,18.647962339541667
2021-10-04,28576.9554677,13.9375,19.20441090675
2021-10-05,28865.4389545,14.762500000000001,18.28357391029167
2021-10-06,29780.2039237,12.325000000000001,18.970860938208332
2021-10-07,30380.8105062,11.308333333333332,21.70387326420833
2021-10-08,31259.396792,10.816666666666668,18.675292555291666
2021-10-09,28814.2368389,13.841666666666667,17.707137951041666
2021-10-10,26105.6443799,15.683333333333332,16.520367038291667
2021-10-11,29648.508762499998,15.3125,19.303752521833335
2021-10-12,30157.0301859,16.758333333333333,19.207880379583333
2021-10-13,29895.3026164,16.566666666666666,19.86160370225
2021-10-14,29483.9385455,17.662499999999998,20.264798094375
2021-10-15,29480.3582788,14.120833333333332,18.302566806791667
2021-10-16,27905.036262499998,11.416666666666666,16.804074246458335
2021-10-17,25043.7359217,13.633333333333333,15.863752447375
2021-10-18,28482.3815647,14.020833333333334,19.593638650375002
2021-10-19,29315.939288999998,13.4375,20.594524576666668
2021-10-20,28708.7976778,16.758333333333333,19.756378793375
2021-10-21,28775.8412534,17.85833333333333,17.406824198666666
2021-10-22,28946.8394125,17.2,18.03724472575
2021-10-23,27472.4411764,15.845833333333333,17.0041949705
2021-10-24,24855.4874889,16.616666666666667,16.59639011704167
2021-10-25,28095.719717,19.579166666666666,18.811924265333335
2021-10-26,29744.367096,22.6875,19.471693562416668
2021-10-27,31626.257692,25.370833333333334,19.521621677875
2021-10-28,32967.2725503,23.925,21.906774398541668
2021-10-29,31684.3918933,21.504166666666666,20.610510792
2021-10-30,29950.5048556,22.1125,18.98203000975
2021-10-31,26333.471820400002,19.025000000000002,14.254738776833333
2021-11-01,28845.6545357,17.84375,18.01364008975
2021-11-02,28096.8352882,19.775000000000002,17.097859265625
2021-11-03,28963.8294669,19.354166666666668,19.040088341791666
2021-11-04,30859.3630713,19.670833333333334,18.773189893625
2021-11-05,29467.4347368,16.341666666666665,16.974486890625
2021-11-06,26469.6616959,15.7125,16.891267762374998
2021-11-07,24639.331811199998,15.683333333333332,16.397110303958332
2021-11-08,28662.8543866,17.929166666666667,17.72765318675
2021-11-09,29328.944676400002,18.179166666666667,18.422502660791668
2021-11-10,28993.2145019,17.433333333333334,18.612018610916667
2021-11-11,29882.7380372,17.095833333333335,19.229484603583334
2021-11-12,29551.3997614,17.445833333333333,19.333287067833332
2021-11-13,27905.1904617,19.966666666666665,16.728960449541667
2021-11-14,25227.8112106,20.208333333333332,17.252445726125
2021-11-15,29850.7799478,20.854166666666668,19.30316606408333
2021-11-16,29959.3394665,18.141666666666666,20.514858470833335
2021-11-17,28456.6993989,14.395833333333334,17.5547409965
2021-11-18,28822.7455469,15.258333333333333,17.447822551916666
2021-11-19,29646.4194822,18.5125,17.73228871341667
2021-11-20,29075.555282999998,19.858333333333334,16.812734592083334
2021-11-21,28498.5557982,25.3875,17.201886868875
2021-11-22,33951.352614,25.191666666666666,22.10983280133333
2021-11-23,30458.268924,17.195833333333333,18.178100609999998
2021-11-24,31420.4556556,22.620833333333334,18.881727374916668
2021-11-25,30281.194198,20.341666666666665,16.399183702791667
2021-11-26,30113.5286733,20.745833333333334,17.63620323
2021-11-27,28818.534457,20.716666666666665,18.3554145285
2021-11-28,26131.1264312,20.05,14.555283372291667
2021-11-29,29041.5585872,18.575,17.233863715583333
2021-11-30,28947.4538815,18.245833333333334,17.00029446879167
2021-12-01,28880.1172072,18.599999999999998,17.742190257708334
2021-12-02,29562.2820357,18.554166666666667,17.8996705645
2021-12-03,30169.0215909,18.904166666666665,17.043237496625
2021-12-04,28615.6205362,20.099999999999998,16.55643198375
2021-12-05,26467.5964023,19.666666666666668,14.186230951791666
2021-12-06,31006.084032,20.370833333333334,17.473740701416666
2021-12-07,31285.0774777,20.425,18.302388717291667
2021-12-08,31317.2576266,19.8625,18.573056704541667
2021-12-09,31772.171945000002,20.0,19.128933798125
2021-12-10,31245.941007,19.454166666666666,17.68368647925
2021-12-11,29731.7864911,20.208333333333332,15.538518968791665
2021-12-12,28704.085151,22.729166666666668,15.747341346041667
2021-12-13,31941.473341,21.575,19.501783484624998
2021-12-14,31433.562246,20.691666666666666,23.886255941291665
2021-12-15,31700.67709,21.162499999999998,18.27157733225
2021-12-16,31519.801930999998,20.216666666666665,16.556717173791665
2021-12-17,32034.8462,21.220833333333335,17.648809578
2021-12-18,30669.635589,21.083333333333332,17.174257322166667
2021-12-19,29070.6712949,22.020833333333332,15.590787482958333
2021-12-20,35047.680977,22.4875,19.666619805916667
2021-12-21,34180.409802,21.349999999999998,19.224005390166667
2021-12-22,34216.790417,21.641666666666666,19.220227403333332
2021-12-23,34219.175949,21.8125,18.624720931125
2021-12-24,32792.620203,23.458333333333332,19.17040031475
2021-12-25,28019.4687159,23.349999999999998,11.634388504625
2021-12-26,28723.547830299998,22.620833333333334,13.925090898041667
2021-12-27,33619.868169,21.46666666666667,20.076618421833334
2021-12-28,35243.048861,23.724999999999998,21.275342470583332
2021-12-29,37260.522296,27.891666666666666,22.027893315916668
2021-12-30,37864.306567,25.712500000000002,23.354581072583333
2021-12-31,36047.672757,24.316666666666666,20.688087903
2022-01-01,27449.592494,21.150000000000002,12.011664767500001
2022-01-02,28874.6458362,21.254166666666666,15.7185836815
2022-01-03,36161.992914,21.808333333333334,21.898314328374997
2022-01-04,35814.206272,21.3125,20.663497443333334
2022-01-05,30509.645947,23.75,16.386044299583332
2022-01-06,29668.5623187,23.366666666666664,20.388629854
2022-01-07,31434.079526999998,22.958333333333332,18.0759637965
2022-01-08,30731.517818,24.8875,16.398888958291668
2022-01-09,29694.952564,23.4875,16.846090583916666
2022-01-10,35091.010212,23.320833333333336,21.790636864541668
2022-01-11,37933.786193,23.233333333333334,24.249157573166666
2022-01-12,37029.405224,22.34166666666667,22.055433524791667
2022-01-13,36997.638225,20.837500000000002,22.95397071520833
2022-01-14,40489.351948,24.5125,27.56322345925
2022-01-15,39627.0248,22.516666666666666,22.805980879916664
2022-01-16,31958.564474,19.204166666666666,15.924433847416667
2022-01-17,32128.862075,19.175,13.767228773958335
2022-01-18,30722.446323,21.170833333333334,14.587233795708334
2022-01-19,31383.348307,24.72083333333333,15.294319437666667
2022-01-20,34040.612366,26.425,19.898829682208333
2022-01-21,36825.291265,26.041666666666668,22.089044874875
2022-01-22,33879.83528,24.316666666666666,17.101329554333333
2022-01-23,29972.3828136,24.141666666666666,15.712180923375
2022-01-24,35422.130853,24.84166666666667,22.40138513770833
2022-01-25,37424.491791,26.083333333333332,22.758241975624998
2022-01-26,34187.907193,23.733333333333334,16.935769588041666
2022-01-27,29413.992803,18.945833333333333,16.204093594583334
2022-01-28,29699.1352573,19.620833333333334,16.054883478875002
2022-01-29,29091.7703592,21.829166666666666,15.057704146208332
2022-01-30,28023.4271827,23.266666666666666,14.751397435374999
2022-01-31,30795.732858,20.6375,16.154807368625
2022-02-01,30767.116717099998,19.6125,16.289465301541668
2022-02-02,33736.245336,23.15416666666667,20.655897873041667
2022-02-03,34172.395811,22.816666666666666,16.748100905375
2022-02-04,33197.767463,22.8625,17.06329778141667
2022-02-05,29761.285024,20.429166666666667,14.290933406291666
2022-02-06,25604.7882711,18.579166666666666,14.973313692166665
2022-02-07,28438.2196689,20.133333333333333,14.974414296083333
2022-02-08,29363.8567854,20.787499999999998,15.949452615625
2022-02-09,30580.902342,19.9875,15.292520280041666
2022-02-10,31956.455502,23.045833333333334,17.8463256705
2022-02-11,33752.789882,22.84583333333333,19.469865737125
2022-02-12,28729.83242,18.154166666666665,12.994152826333334
2022-02-13,25106.7830742,18.25,13.685911747583333
2022-02-14,29562.8727923,21.483333333333334,15.952476789791667
2022-02-15,32456.7628596,23.6875,18.351320655583333
2022-02-16,35014.969545,25.004166666666666,20.727670776874998
2022-02-17,32717.856665,20.7375,15.923909709916666
2022-02-18,31751.141513,21.633333333333336,17.459018549583334
2022-02-19,30419.772168,21.72083333333333,15.845174905083333
2022-02-20,28083.6540495,21.72083333333333,13.143992830041666
2022-02-21,30199.032755,21.091666666666665,16.413077267375
2022-02-22,31029.1281275,21.575,16.634216057625
2022-02-23,31556.561425,21.650000000000002,16.595104770833334
2022-02-24,31191.566631,21.125,15.427790182875
2022-02-25,31541.152601,23.0,17.217083794875
2022-02-26,30817.363596,23.816666666666666,17.142731110083332
2022-02-27,27969.9874035,22.766666666666666,14.818911514291665
2022-02-28,28577.2928888,22.7625,15.018800943541669
2022-03-01,27510.4019094,20.079166666666666,16.082396190166666
2022-03-02,29939.4565809,21.816666666666666,17.694423705041668
2022-03-03,30217.7790339,20.0625,16.230748322958334
2022-03-04,31774.4573654,22.8,17.497752764999998
2022-03-05,30144.111875000002,23.104166666666668,15.286417560541667
2022-03-06,27305.153797,22.34583333333333,14.016879471708334
2022-03-07,29424.8705423,21.625,17.324988083250002
2022-03-08,28083.4590331,20.845833333333335,15.342154658958334
2022-03-09,28726.6982697,19.270833333333332,14.594431044458332
2022-03-10,28511.863145,20.404166666666665,15.99395153425
2022-03-11,28040.7584508,17.795833333333334,15.981933206125
2022-03-12,26077.700302,17.733333333333334,14.923983697041665
2022-03-13,24493.9335039,16.933333333333334,13.457649407208335
2022-03-14,27636.439975100002,18.2375,15.231905933541668
2022-03-15,29759.9043759,20.754166666666666,16.0544137795
2022-03-16,31198.7826865,22.558333333333334,17.749416846708332
2022-03-17,33369.285669,23.770833333333332,17.798330256416666
2022-03-18,30792.750438,17.4375,15.062408006583333
2022-03-19,27034.6277251,15.799999999999999,13.561031005333334
2022-03-20,24962.7874575,15.333333333333334,14.455182477500001
2022-03-21,27969.6877204,18.25,16.130096211875
2022-03-22,28710.9151415,20.220833333333335,15.522931114416666
2022-03-23,29638.4575945,21.833333333333332,16.359363989333335
2022-03-24,28582.8897017,19.266666666666666,17.209010001458335
2022-03-25,28801.1166876,13.870833333333332,15.839366409124999
2022-03-26,27008.9467136,17.083333333333332,16.219913578958334
2022-03-27,24527.4834204,18.754166666666666,12.412659610958334
2022-03-28,28708.3933254,21.204166666666666,15.154578785833335
2022-03-29,29601.6488781,20.441666666666666,19.288413778875
2022-03-30,28037.00304,14.387500000000001,17.803968038208335
2022-03-31,28856.9574771,14.133333333333333,18.10512843258333
2022-04-01,29397.8763814,13.758333333333333,17.371405990083336
2022-04-02,27075.3602248,15.745833333333332,16.026877371458333
2022-04-03,25076.5014895,18.520833333333332,15.382139877708333
2022-04-04,27955.0073471,16.462500000000002,17.294979651875
2022-04-05,29087.8284546,15.5375,18.140720245125
2022-04-06,29392.8915464,18.466666666666665,18.349195267499997
2022-04-07,29816.4306463,19.566666666666666,17.726184575208332
2022-04-08,29353.7200522,19.533333333333335,16.528139599666666
2022-04-09,27521.5779489,19.629166666666666,14.839422231375002
2022-04-10,25004.2643232,21.40416666666667,13.24782406375
2022-04-11,27587.3231305,20.162499999999998,14.55793202225
2022-04-12,27342.9945196,16.904166666666665,15.989600786041668
2022-04-13,27200.0380005,14.387500000000001,15.792219103666667
2022-04-14,26865.1288782,14.533333333333333,15.932473191458334
2022-04-15,25317.1657188,15.841666666666667,14.387883868000001
2022-04-16,25363.449734,16.3125,14.219073353874998
2022-04-17,24362.4062817,18.008333333333333,13.430274806875
2022-04-18,27561.691705,17.583333333333332,16.308723499541667
2022-04-19,28635.5693163,18.170833333333334,17.330625898791666
2022-04-20,28877.1527105,20.358333333333334,17.301751450208332
2022-04-21,28563.3855583,17.258333333333333,15.611331248416667
2022-04-22,28948.2285244,13.9,17.971563155416664
2022-04-23,27288.686765399998,15.0,15.819091966166667
2022-04-24,25316.1615585,17.141666666666666,14.35974680125
2022-04-25,28565.7173728,19.758333333333333,16.09424238991667
2022-04-26,28835.663516,21.400000000000002,17.54833754170833
2022-04-27,28412.0909447,18.008333333333333,20.699609641375
2022-04-28,28507.545328,13.408333333333333,17.690051889541667
2022-04-29,29881.095929299998,11.270833333333334,19.011137280958334
2022-04-30,29598.8793992,9.9,16.566292107833334
2022-05-01,25763.634119,12.516666666666666,17.416024163625
2022-05-02,30641.8973698,14.033333333333333,18.737724264625
2022-05-03,31009.508587700002,14.4,19.318736913125
2022-05-04,31180.1558338,12.683333333333332,19.551571409416667
2022-05-05,31065.6325979,14.029166666666667,19.465685090708334
2022-05-06,30323.5383842,15.362499999999999,18.00279605075
2022-05-07,28412.876745499998,15.887500000000001,16.298554658375
2022-05-08,25621.3129526,16.220833333333335,14.044857491291665
2022-05-09,29241.6633135,14.929166666666667,17.017497330166666
2022-05-10,30491.9474013,14.637500000000001,18.194058861666665
2022-05-11,30762.3782923,14.9625,19.52970468304167
2022-05-12,31360.1979053,12.991666666666667,19.609800509666666
2022-05-13,31408.2972291,13.291666666666666,18.875838876416665
2022-05-14,29393.4532603,13.395833333333334,15.947414507583334
2022-05-15,27253.22983,12.862499999999999,19.931769871916668
2022-05-16,32434.915305,12.0375,18.65736654804167
2022-05-17,34880.51657,13.4,24.995424414499997
2022-05-18,34539.482663,13.387500000000001,21.422690471375002
2022-05-19,33908.452587,10.258333333333333,22.983599232708332
2022-05-20,34161.684811,10.204166666666667,22.32293291566667
2022-05-21,31936.605742,12.083333333333334,19.278570409041667
2022-05-22,29043.113445,12.745833333333332,17.193066775291665
2022-05-23,32340.6492221,13.408333333333333,22.259218171666664
2022-05-24,32008.3732367,14.950000000000001,20.346844340166665
2022-05-25,34117.3197083,12.891666666666666,20.670816683416668
2022-05-26,34484.411112,11.945833333333333,23.148254645166663
2022-05-27,33982.419657,12.325000000000001,21.798932754666666
2022-05-28,33491.645023,9.520833333333334,19.566929072666667
2022-05-29,31063.6620761,8.929166666666667,19.533799705541668
2022-05-30,37180.368985,7.545833333333333,23.62744832916667
2022-05-31,38318.06457,7.004166666666666,25.749228067416666
2022-06-01,39028.057275,5.270833333333333,25.913642549083335
2022-06-02,39802.448141,6.5125,26.18391377770833
2022-06-03,39124.971592,8.741666666666667,25.83289038691667
2022-06-04,35902.693781,10.237499999999999,21.346075988249996
2022-06-05,31746.296374,11.266666666666666,18.622330067125002
2022-06-06,36123.138474,10.362499999999999,23.1284453385
2022-06-07,38179.27072,8.387500000000001,25.199089069708332
2022-06-08,37948.768916,9.908333333333333,24.065603617666667
2022-06-09,37317.348389,10.445833333333333,24.448829948708333
2022-06-10,38540.265053,8.479166666666666,24.722017580791668
2022-06-11,36871.11022,8.095833333333333,22.24429948704167
2022-06-12,33565.520857999996,8.549999999999999,21.51929018575
2022-06-13,37758.501806,8.733333333333333,26.590840150541666
2022-06-14,37050.328188,11.5,26.173197234666663
2022-06-15,36215.015269,11.770833333333334,24.861719841875
2022-06-16,35783.320627,12.083333333333334,23.808777896666665
2022-06-17,36892.113185,9.970833333333333,24.305972805666666
2022-06-18,35640.182921,8.108333333333333,22.090463353458333
2022-06-19,33303.535756,9.775,21.423940029333334
2022-06-20,37803.762228,8.033333333333333,25.213698859666668
2022-06-21,37792.118036,9.970833333333333,25.638384607916667
2022-06-22,39878.087405,8.695833333333333,26.35914036125
2022-06-23,40184.416653,8.941666666666666,25.528593047583332
2022-06-24,39146.903377,9.170833333333333,25.83397985075
2022-06-25,36998.259874,7.983333333333333,22.458164844791668
2022-06-26,35857.945832,6.6375,21.438221759166666
2022-06-27,40018.475333,8.683333333333334,26.4082931505
2022-06-28,39984.91529,8.433333333333334,26.168513967041665
2022-06-29,37779.989992,10.741666666666667,28.326916008041668
2022-06-30,36808.541093,9.358333333333333,26.086682864958334
2022-07-01,39094.647841,8.370833333333334,22.94323250375
2022-07-02,34737.830075,8.9125,21.362870409041665
2022-07-03,34044.376745,6.379166666666666,21.38373030475
2022-07-04,38338.140519,10.0875,22.40768538254167
2022-07-05,36969.061102,10.237499999999999,24.104118159250003
2022-07-06,37265.604806999996,13.020833333333334,22.985535470000002
2022-07-07,35928.060215,9.924999999999999,23.484170427958333
2022-07-08,38381.364803000004,8.012500000000001,23.53048922758333
2022-07-09,33476.419083,14.995833333333332,20.45870918858333
2022-07-10,27568.5713869,18.495833333333334,18.654059147208333
2022-07-11,34547.9501559,10.341666666666667,20.925839296375
2022-07-12,37507.059296,7.083333333333333,23.842989014625
2022-07-13,38219.616806,7.645833333333333,25.977020513416665
2022-07-14,36814.590256,12.091666666666667,21.632124410208334
2022-07-15,35513.240396,12.2875,20.157632945208334
2022-07-16,36222.428244,9.404166666666667,20.105748851541666
2022-07-17,33445.621354,7.866666666666667,20.242689636833333
2022-07-18,33493.083401,8.245833333333334,22.2189935455
2022-07-19,37548.835159,7.541666666666667,26.86112611458333
2022-07-20,36916.847247,11.366666666666667,26.756802563125003
2022-07-21,34751.821687,12.545833333333334,23.070620606749998
2022-07-22,35223.039632,11.075000000000001,23.86611746475
2022-07-23,32463.615991,13.7875,20.500132724833332
2022-07-24,30244.2907918,13.525,17.69072296408333
2022-07-25,34639.4544281,13.379166666666668,22.979302125375
2022-07-26,33002.45742,18.337500000000002,21.29183602425
2022-07-27,32604.3345451,15.583333333333334,21.64611703995833
2022-07-28,35902.803686,11.516666666666666,26.66018842033333
2022-07-29,36067.590863,9.645833333333334,24.415837228875002
2022-07-30,33209.616435,10.820833333333333,19.852762621791666
2022-07-31,30703.312044,11.708333333333334,18.513220586583333
2022-08-01,34369.340591,10.454166666666667,23.227497936458334
2022-08-02,34742.553678,12.708333333333334,26.097835567333334
2022-08-03,35163.235436,11.679166666666667,22.045982579791666
2022-08-04,38002.460898,10.166666666666666,23.495612037666664
2022-08-05,36385.47929,8.362499999999999,25.11984330879167
2022-08-06,34624.110419,8.433333333333334,21.835219280291668
2022-08-07,33064.759618,9.85,21.363960116041667
2022-08-08,35935.922982,10.725,25.2845539135
2022-08-09,35718.107009,10.633333333333333,24.95683690058333
2022-08-10,36792.758138,7.666666666666667,25.318835156625
2022-08-11,36353.350588,10.625,26.732286629875002
2022-08-12,34488.912921,13.1875,22.864742781291667
2022-08-13,29865.220653200002,15.4375,18.375227912916667
2022-08-14,27272.9472826,17.520833333333332,17.04985554275
2022-08-15,30802.4411729,14.470833333333333,21.384291489833334
2022-08-16,33357.037299999996,10.799999999999999,23.380057311291665
2022-08-17,35352.241616,10.4,21.78705365154167
2022-08-18,37289.438396,8.858333333333333,25.919556132375003
2022-08-19,36448.617054,9.4,26.308376195041664
2022-08-20,33757.690079,9.329166666666667,22.32669353341667
2022-08-21,31192.978648,9.6625,22.210766764333332
2022-08-22,34813.739672,10.095833333333333,24.486400832750004
2022-08-23,34111.934877,11.995833333333332,24.12198010975
2022-08-24,32020.252931,14.5875,22.346090699291665
2022-08-25,26874.9919359,16.554166666666667,16.99851527725
2022-08-26,29678.1224753,15.691666666666668,17.60976121575
2022-08-27,29994.3773968,14.870833333333332,20.132332285625
2022-08-28,31816.533771,8.395833333333334,21.161138987166666
2022-08-29,35525.020615,8.979166666666666,24.560496060083334
2022-08-30,35865.879036,10.3375,25.801273732125
2022-08-31,33369.200074,14.75,23.286868238833332
2022-09-01,33713.5213544,14.208333333333334,21.130963335
2022-09-02,34640.578459,10.891666666666666,22.813118029375
2022-09-03,32860.732607,10.0375,20.842348407208334
2022-09-04,29953.933605,11.9,20.192810830291666
2022-09-05,32414.70026,12.9625,21.57810094
2022-09-06,32090.826666,14.108333333333334,21.967357813958333
2022-09-07,31079.882009,17.308333333333334,19.735081058708335
2022-09-08,30410.8726302,17.045833333333334,18.371223401333335
2022-09-09,33854.5078119,10.35,20.550546677875
2022-09-10,32470.040173,9.9375,19.52116448775
2022-09-11,29829.183909,10.025,19.323779342166667
2022-09-12,32838.468237,11.291666666666666,22.273366339916667
2022-09-13,32616.133782,12.725,21.97364521970833
2022-09-14,32449.74993,10.358333333333333,21.284130962583333
2022-09-15,30849.187833,12.0,20.055683158375
2022-09-16,31205.978848,16.283333333333335,18.84486580225
2022-09-17,29007.1492085,17.020833333333332,16.350440525
2022-09-18,26275.5243843,16.474999999999998,16.396868207083333
2022-09-19,29370.9827707,16.3875,17.659526363791667
2022-09-20,30844.0302335,12.620833333333332,19.04292751404167
2022-09-21,31583.00326,11.870833333333332,19.532998765625
2022-09-22,32554.009048,11.570833333333333,20.405801110291666
2022-09-23,31596.786108,11.729166666666666,18.969456870166667
2022-09-24,28952.61423,13.508333333333333,16.235482208875002
2022-09-25,26866.6068079,14.083333333333334,16.608544286708334
2022-09-26,29699.9835509,15.504166666666668,18.705397657125
2022-09-27,29714.389762,14.708333333333334,18.785932962041667
2022-09-28,30028.172306,12.379166666666668,18.135302689
2022-09-29,31438.4943052,10.945833333333333,19.90895774570833
2022-09-30,31156.468107,13.470833333333333,18.311571182833333
2022-10-01,28487.050686000002,13.808333333333332,15.837802765458333
2022-10-02,26062.6711284,14.137500000000001,14.824289358875
2022-10-03,29628.9700007,12.65,19.383263225875
2022-10-04,30632.6683753,13.504166666666668,19.849547702958333
2022-10-05,30551.129049299998,14.720833333333333,19.435456588791666
2022-10-06,30863.0967948,14.825000000000001,18.6178528345
2022-10-07,29890.9383886,17.675,17.051486640375
2022-10-08,28964.3949821,15.133333333333333,17.015235934166665
2022-10-09,27168.266233,11.645833333333334,17.0470864395
2022-10-10,29952.2535234,10.9625,19.437978417666667
2022-10-11,31547.1752099,11.625,21.070569337833334
2022-10-12,30367.781277000002,16.554166666666667,18.74654042608333
2022-10-13,29988.3810381,13.862499999999999,18.905408787416665
2022-10-14,30989.1275318,11.608333333333334,20.99058849775
2022-10-15,29388.8563202,13.958333333333334,16.855938619916667
2022-10-16,26407.515617099998,14.445833333333333,16.581575357416668
2022-10-17,29502.1742107,15.116666666666667,19.18131421020833
2022-10-18,29800.5380099,15.970833333333333,20.7420069595
2022-10-19,29517.910032,17.212500000000002,17.927385383
2022-10-20,29637.4091501,17.0,18.020223398916666
2022-10-21,29237.105721699998,15.141666666666666,17.862337485375
2022-10-22,28605.4742735,13.362499999999999,16.4043161655
2022-10-23,25576.282032,14.483333333333334,16.208176850708334
2022-10-24,28424.473255,16.420833333333334,17.52445587775
2022-10-25,28936.2034571,18.616666666666667,18.407201317208333
2022-10-26,29073.3762674,18.883333333333333,18.35168598004167
2022-10-27,28836.838442,17.716666666666665,18.734759971375002
2022-10-28,29355.5673227,21.741666666666664,18.285063901375
2022-10-29,27817.3925875,20.095833333333335,17.482024068833333
2022-10-30,25939.2352323,15.220833333333333,15.58811710975
2022-10-31,29341.1853295,12.262500000000001,19.443137841375002
2022-11-01,29603.4072804,12.6625,19.20494009329167
2022-11-02,27988.8766464,15.904166666666667,19.023979330458335
2022-11-03,28817.3320113,16.204166666666666,17.872677943833335
2022-11-04,29067.0915984,15.966666666666667,17.418359702500002
2022-11-05,27767.8603793,16.483333333333334,16.746178912166666
2022-11-06,25599.9202797,17.150000000000002,16.63976356025
2022-11-07,29030.5844614,17.020833333333332,18.517253211291667
2022-11-08,29099.0000191,16.599999999999998,18.45806929770833
2022-11-09,29834.4728543,17.229166666666668,19.214114456875
2022-11-10,30068.7763275,18.291666666666668,18.304205979124998
2022-11-11,30764.2679393,20.120833333333334,18.531318414708334
2022-11-12,29186.8982502,20.212500000000002,16.075594219666666
2022-11-13,26654.8897478,19.091666666666665,14.780574634791668
2022-11-14,29359.1023165,19.2,17.359267618666667
2022-11-15,29565.8876562,20.270833333333332,18.120598062
2022-11-16,31881.3065628,22.383333333333336,18.817791778041666
2022-11-17,33368.60214,22.96666666666667,18.598909941041665
2022-11-18,34240.989558,22.241666666666664,19.89946824375
2022-11-19,32254.76785,24.379166666666666,16.144510214333334
2022-11-20,30798.1640416,23.854166666666668,18.020413298458333
2022-11-21,31254.393192,18.741666666666667,16.522093385999998
2022-11-22,30207.3402141,16.875,18.676815741458334
2022-11-23,30597.1967405,19.425,17.331874423583333
2022-11-24,32871.3984395,24.358333333333334,21.632410675791665
2022-11-25,33511.733874,20.162499999999998,20.225404042
2022-11-26,32620.901876,22.958333333333332,17.971637461416666
2022-11-27,31019.615405,23.3875,16.785927120708333
2022-11-28,35180.522142,24.320833333333336,21.590228586958332
2022-11-29,35749.007051,24.5125,22.040117195791666
2022-11-30,36059.770004,22.795833333333334,23.763400303083333
2022-12-01,35089.211282,22.683333333333334,21.880341700125
2022-12-02,31758.626974,19.558333333333334,20.500609780875
2022-12-03,30052.663995,18.537499999999998,15.508833381541665
2022-12-04,29294.677474199998,21.545833333333334,14.657381434041667
2022-12-05,35865.488597,23.679166666666664,21.163973710291668
2022-12-06,37783.334929,24.641666666666666,23.95833453804167
2022-12-07,38639.219806,24.537499999999998,24.748325836000003
2022-12-08,38938.098871,26.166666666666668,21.934303424125
2022-12-09,42492.431344,28.075,29.357679595583335
2022-12-10,34880.704517,22.775000000000002,17.568252227833334
2022-12-11,33812.471596,25.041666666666668,18.641564258958333
2022-12-12,34177.127238,20.483333333333334,18.198610757125
2022-12-13,32847.951306,19.245833333333334,17.426262473791667
2022-12-14,35007.133663,22.47083333333333,20.453671648874998
2022-12-15,34089.846128,20.3875,17.083212075000002
2022-12-16,32263.903804,18.408333333333335,17.28874542970833
2022-12-17,30235.430634,19.320833333333333,14.539416426625001
2022-12-18,28500.245553,20.5625,16.734450096625
2022-12-19,33456.184439,21.787499999999998,17.640995544958333
2022-12-20,34625.871088,21.583333333333332,18.04953797575
2022-12-21,35149.803232,21.633333333333336,17.859982112791666
2022-12-22,36325.117068,22.145833333333332,19.335048977166668
2022-12-23,34614.535804,21.97083333333333,16.442468785875
2022-12-24,30923.972989,20.158333333333335,14.89389935475
2022-12-25,25227.5683491,18.229166666666668,12.301302995583333
2022-12-26,29805.3033767,17.541666666666668,15.400772149041666
2022-12-27,32723.553886,20.879166666666666,16.916063607541666
2022-12-28,34246.172526,22.15416666666667,19.386118873833333
2022-12-29,32761.032367,19.7375,17.421623486083334
2022-12-30,35220.339355000004,24.870833333333334,20.695470928166667
2022-12-31,34030.795686,23.0125,18.954102743541664
